silhouette,inertia,pca_variance
0.31352350999627426,5082.73368858466,9.66
